Column_1,Column_2,Country,Column_4,Column_5,Column_6,Column_7,Column_8,Column_9,Column_10,Column_11,Column_12,Column_13,Column_14,Column_15,Column_16,Column_17,Column_18,Column_19,Column_20,Column_21,Column_22,Column_23,Column_24,Column_25,Column_26,Column_27,Column_28,Column_29,Column_30,Column_31
1,1,ES,2165,1,2189,7,1946,19,1805,0,−7,0,−14,0,+15,+3,+146,+3,+130,+3,+169,780,340,302,138,461,138,181,1591,697
2,2,AR,2113,1,2172,5,1987,26,1751,0,0,0,+4,0,−28,−1,−27,+5,+119,0,+64,1109,381,419,309,610,228,271,2112,1136
3,3,FR,2082,1,2135,16,1795,40,1514,0,+19,0,+14,0,+51,−1,−3,0,−1,+3,+113,938,473,341,124,474,269,195,1706,1272
4,4,EN,2020,1,2213,4,1983,17,1810,0,−22,+1,+1,0,+9,+2,+22,+4,+43,+5,+62,1161,510,524,127,683,216,262,2719,1120
5,5,BR,1984,1,2195,4,1998,20,1805,+1,+6,+2,+9,0,−9,−2,−43,−4,−151,−2,−34,1065,372,346,347,670,172,223,2294,954
5,5,PT,1984,2,2060,19,1797,41,1625,+2,+8,−1,−57,+1,−4,0,−28,0,−50,+7,+76,694,320,262,112,346,189,159,1222,779
7,7,CO,1975,3,2069,49,1620,102,1304,−2,−23,−1,−6,+2,+24,−1,−23,+7,+79,−2,−4,648,184,229,235,265,205,178,842,741
8,8,NL,1961,1,2153,15,1848,55,1553,0,+2,0,+1,0,−5,+2,−7,+2,+7,+5,+60,901,429,358,114,465,239,197,1892,1142
9,9,EC,1933,9,1934,64,1525,121,1183,0,0,0,−1,+3,+22,+5,+60,+10,+105,+5,+49,598,183,211,204,183,254,161,719,903
10,10,HR,1930,4,2015,12,1881,28,1780,0,−2,0,−1,+2,+19,+2,−22,+8,+95,+8,+113,398,156,167,75,209,83,106,694,401
11,11,DE,1923,1,2223,8,1911,25,1637,+1,+13,+3,+46,−4,−64,+2,+3,+1,−10,−10,−136,1045,469,415,161,604,224,217,2352,1232
12,12,NO,1912,6,1945,38,1622,85,1364,−1,−10,+3,+42,+9,+83,+24,+175,+22,+163,+37,+279,886,425,409,52,334,355,197,1373,1443
13,13,JP,1904,9,1913,62,1466,116,1126,+3,+26,+4,+41,+1,+28,+4,+52,+19,+146,+15,+142,835,331,207,297,408,257,170,1517,985
14,14,TR,1902,9,1902,43,1610,77,1358,+1,+22,+8,+67,+4,+65,+17,+153,+8,+95,+2,+79,669,290,300,79,263,250,156,947,969
15,15,UY,1892,1,2104,12,1876,44,1635,−1,+2,−4,−15,−5,−29,−7,−96,−4,−61,−7,−71,1019,336,432,251,446,321,252,1610,1254
16,16,CH,1889,9,1933,27,1690,56,1485,−3,−8,−1,+19,+8,+77,+5,+86,−1,+4,+7,+111,895,425,392,78,319,373,203,1335,1482
17,17,SN,1879,17,1879,57,1590,107,1387,+7,+72,+8,+76,+13,+120,+8,+103,+21,+156,+30,+226,704,221,259,224,319,192,193,967,669
18,19,BE,1866,1,2157,24,1755,70,1503,0,+17,+1,+15,−3,+22,−10,−120,−17,−240,−8,−54,876,415,375,86,390,302,184,1599,1359
19,20,MX,1858,4,1985,20,1783,47,1498,+1,+23,−2,−1,+3,+41,+2,+58,−7,−63,−10,−63,1027,296,273,458,532,258,237,1821,1055
20,22,PY,1833,5,1956,23,1755,51,1619,0,0,−1,−11,+5,+33,+20,+127,+5,+64,+9,+82,788,214,365,209,276,303,209,1002,1115
21,23,AT,1827,1,2070,20,1810,73,1549,0,+9,−4,−28,−5,−10,−7,−30,+10,+73,−3,+36,865,431,383,51,370,310,185,1560,1321
22,24,MA,1821,11,1923,43,1656,86,1510,−4,−19,−1,−2,+2,+15,+6,+55,+18,+150,+43,+248,727,317,219,191,363,165,199,1098,614
23,25,CA,1784,21,1841,48,1604,90,1487,0,−18,+2,−13,+4,+6,+14,+69,+30,+172,+55,+274,485,149,200,136,189,183,113,622,613
24,26,AU,1783,11,1876,34,1672,77,1476,+4,+9,+3,−8,+10,+46,+3,+13,+13,+70,+11,+63,635,271,223,141,326,179,130,1289,714
25,29,SQ,1767,1,2104,14,1879,64,1598,−2,−23,+5,+26,+5,+25,−3,−8,+14,+101,+8,+47,866,402,412,52,410,268,188,1488,1073
26,31,IR,1760,13,1853,41,1658,79,1451,+3,+5,+1,−8,−11,−70,−11,−59,−2,−6,+3,+24,668,223,195,250,382,132,154,1270,524
27,32,KR,1752,16,1845,35,1688,84,1443,−4,−32,−2,−22,0,+6,+5,+20,−1,−7,−13,−42,1050,353,255,442,572,220,258,1911,965
28,35,DZ,1743,19,1807,48,1621,110,1386,−2,−14,+11,+48,+10,+35,+13,+80,+1,+3,+11,+89,688,261,233,194,309,196,183,1052,703
29,36,PA,1737,27,1773,99,1361,143,1151,0,−5,−1,+4,+4,+14,+6,+31,+38,+195,+6,+62,591,200,227,164,196,251,144,736,906
30,38,UZ,1727,25,1766,60,1596,93,1428,−1,−8,+1,+9,+9,+30,+8,+60,+31,+174,+6,+64,365,130,128,107,180,110,75,635,398
31,40,CZ,1726,1,2032,13,1855,46,1669,−1,−5,−7,−35,−9,−29,−12,−45,−12,−42,−10,−28,882,360,416,106,424,261,197,1624,1097
32,41,US,1721,9,1890,41,1643,92,1416,−6,−26,+4,+23,0,−1,−18,−77,−11,−44,−6,−11,825,487,253,85,366,286,173,1246,1073
33,43,SE,1719,2,2013,17,1795,54,1579,+10,+59,−6,−10,−6,−17,+1,+23,−26,−120,−14,−40,1118,489,499,130,549,335,234,2226,1482
34,50,JO,1690,39,1701,111,1321,153,1092,−3,+1,+6,+57,+4,+57,+14,+91,+31,+198,+25,+157,582,201,190,191,206,218,158,727,710
35,51,EG,1689,12,1873,37,1662,70,1527,+9,+67,−1,+24,−1,+23,+4,+54,+9,+91,0,+65,883,353,281,249,446,216,221,1544,921
36,52,CI,1676,15,1863,45,1640,76,1476,+7,+49,+9,+87,+11,+85,+4,+47,−2,+41,−15,−44,692,241,237,214,348,166,178,1130,695
37,54,CD,1655,20,1782,62,1557,114,1387,0,−2,+14,+79,+11,+89,+20,+124,+31,+177,+20,+112,547,166,225,156,226,171,150,835,641
38,58,TN,1636,24,1757,47,1616,87,1439,+3,+21,−4,0,0,+25,−13,−41,−11,−7,+13,+86,775,337,251,187,330,229,216,1105,839
39,63,IQ,1607,23,1739,47,1621,96,1456,+5,+25,+8,+43,+11,+68,−10,−38,−15,−31,+19,+103,758,138,231,389,358,189,211,1198,706
40,66,BA,1594,20,1806,53,1626,90,1469,+3,+22,+11,+77,+13,+68,+22,+116,−16,−41,−34,−154,279,117,136,26,104,111,64,393,385
41,68,NZ,1585,29,1641,66,1499,103,1335,−1,0,−6,−2,−6,−10,+7,+60,+15,+100,+10,+66,439,135,189,115,181,179,79,767,645
42,71,SA,1568,29,1736,76,1501,125,1256,−6,−24,−9,−19,−5,+6,−12,−45,−7,−7,+5,+41,835,322,151,362,396,245,194,1281,892
43,72,CV,1549,65,1579,120,1301,146,1172,+1,−12,+2,+5,+8,+45,−7,−30,+22,+108,+15,+53,251,80,91,80,94,97,60,267,278
44,77,HT,1532,37,1674,81,1417,129,1265,−1,−10,+6,+44,−6,−21,+6,+39,−10,−28,+9,+32,561,181,196,184,246,197,118,957,759
45,79,ZA,1524,7,1847,32,1708,99,1448,−5,−26,−3,−2,−19,−74,−13,−47,+6,+46,−17,−57,524,275,161,88,231,141,152,719,542
46,82,GH,1505,10,1877,42,1651,101,1424,−2,−4,0,+16,+7,+43,0,+5,−26,−100,−34,−130,777,247,296,234,370,212,195,1247,820
47,90,CW,1436,26,1618,97,1381,188,1011,−3,−30,+14,+29,+38,+113,+34,+99,+6,+3,+86,+311,498,173,176,149,201,173,124,879,767
48,95,QA,1425,26,1771,93,1416,164,965,−2,0,−11,−62,−12,−73,−44,−222,−49,−219,−24,−125,697,328,146,223,289,232,176,993,825
